file_name,is_negative,category_id
201912250300_1929_4784fd1b.jpg,False,4
201912250600_1929_da484e8c.jpg,False,4
201912250900_1929_6e9f3f76.jpg,False,4
201912251200_1929_069f1f0e.jpg,False,4
201912251500_1929_1ab6db5e.jpg,False,4
201912260000_1929_2605a4a4.jpg,False,2
201912260300_1929_483edd55.jpg,False,2
201912260600_1929_02176738.jpg,False,4
201912260900_1929_1a286b61.jpg,False,4
201912261200_1929_d0db9605.jpg,False,4
201912261500_1929_75ad5414.jpg,False,4
202005131200_2001_9d792fe7.jpg,False,4
202005131500_2001_f9899e75.jpg,False,2
202005131800_2001_a9e88acf.jpg,False,2
202005132100_2001_e0c38d50.jpg,False,2
202005140000_2001_7bf8e5f6.jpg,False,2
202005140300_2001_17d92143.jpg,False,2
202005140600_2001_4815ec98.jpg,False,1
202005140900_2001_cdb92320.jpg,False,2
202005141200_2001_b070abe8.jpg,False,4
202005141500_2001_43c662aa.jpg,False,4
202005141800_2001_9fbc474b.jpg,False,4
202005142100_2001_85d68cf8.jpg,False,2
202005150000_2001_57d66825.jpg,False,2
202005150300_2001_25c271e3.jpg,False,2
202008030600_2004_775d3bd6.jpg,False,3
202008030900_2004_d96ed1d8.jpg,False,4
202008031200_2004_247d4d9b.jpg,False,4
202008031500_2004_fcaece0d.jpg,False,4
202008031800_2004_d7210c08.jpg,False,4
202008032100_2004_3164564c.jpg,False,4
202008040900_2004_b734f0b9.jpg,True,
202008041200_2004_65fd12de.jpg,True,
202008041500_2004_f07bd68e.jpg,True,
202008041800_2004_b876ed0b.jpg,True,
202008042100_2004_1b36ccd0.jpg,True,
202008050000_2004_4ca7bd72.jpg,True,
202008050300_2004_ffe9e481.jpg,True,
202008050600_2004_a07264b4.jpg,True,
202008050900_2004_9d371a0b.jpg,True,
202008051200_2004_8cd35828.jpg,True,
202008051500_2004_dc886620.jpg,True,
202008051800_2004_edf82f59.jpg,True,
202008052100_2004_56f66c35.jpg,True,
202008060000_2004_e8c83122.jpg,True,
202008060300_2004_e74e431a.jpg,True,
202008060600_2004_6c0d3318.jpg,True,
202008060900_2004_1d3162f5.jpg,True,
202008061200_2004_4af57fba.jpg,True,
202008061500_2004_400c16cb.jpg,True,
202008110600_2004_b2a9de3d.jpg,True,
202008110600_2005_9079b182.jpg,True,
202008110600_2006_638be87c.jpg,True,
202008110900_2004_a20303c2.jpg,True,
202008110900_2005_d948f0b7.jpg,True,
202008111200_2004_fccb90a5.jpg,True,
202008111200_2005_83c40ade.jpg,True,
202008111500_2004_8e069d08.jpg,True,
202008111500_2005_5da5e9c3.jpg,True,
202008111800_2004_271cffef.jpg,True,
202008111800_2005_6aaf94e4.jpg,True,
202008112100_2004_3517e365.jpg,True,
202008112100_2005_9eeaee68.jpg,True,
202008120000_2004_3454e310.jpg,True,
202008120000_2005_9cb20fcb.jpg,True,
202008120300_2004_ef592e1a.jpg,True,
202008120300_2005_ef63fecf.jpg,True,
202008120600_2004_be379f18.jpg,True,
202008120600_2005_9a5f28fc.jpg,True,
202008120900_2005_5bbb5f4e.jpg,True,
202008121200_2005_ef216ab6.jpg,True,
202008121500_2005_101b5610.jpg,True,
202008121800_2005_5d2ff590.jpg,True,
202008122100_2005_8fc238c8.jpg,True,
202008130000_2005_3cf1ecef.jpg,True,
202008130300_2005_6a416d11.jpg,True,
202008130600_2005_894044aa.jpg,True,
202008130900_2005_e877208c.jpg,True,
202008131200_2005_1aaf5fa6.jpg,True,
202008131500_2005_b5ab29cb.jpg,True,
202008131800_2005_60198d39.jpg,True,
202008132100_2005_742ae0ed.jpg,True,
202008140000_2005_3f8f76cf.jpg,True,
202008140300_2005_35615217.jpg,True,
202008140600_2005_19d643f7.jpg,True,
202008140900_2005_35ff61a0.jpg,True,
202008141200_2005_0df67d55.jpg,True,
202008141500_2005_498b6cb6.jpg,True,
202008141800_2005_a386c4d9.jpg,True,
202008191500_2007_a005ed4f.jpg,False,2
202008200000_2007_046b54fb.jpg,True,
202008200300_2007_2d3da05b.jpg,True,
202008200600_2007_efb8eaaf.jpg,True,
202008220000_2008_46ce5d4d.jpg,False,2
202008220300_2008_ec6e8caa.jpg,False,2
202008220600_2008_c0a9fcc2.jpg,False,2
202008221200_2008_4a322f7b.jpg,True,
202008221500_2008_3dabeff5.jpg,True,
202008221800_2008_931d4202.jpg,True,
202008222100_2008_a87fedf5.jpg,True,
202008230000_2008_9eae3209.jpg,True,
202008230300_2008_ce847917.jpg,True,
202008230600_2008_53649adf.jpg,True,
202008230900_2008_35c96c58.jpg,True,
202008231200_2008_89229f1e.jpg,True,
202008231500_2008_585089fe.jpg,True,
202008231800_2008_b5a98a66.jpg,True,
202008232100_2008_bfb7bb06.jpg,True,
202008240000_2008_55e7eb6a.jpg,True,
202008240000_2008_c5882651.jpg,False,4
202008240300_2008_df632737.jpg,True,
202008240300_2008_e18881fa.jpg,False,4
202008240600_2008_15f93ddc.jpg,True,
202008240600_2008_59a84e69.jpg,False,4
202008240900_2008_55dac38d.jpg,False,4
202008240900_2008_79cbbb06.jpg,True,
202008241200_2008_199d789a.jpg,False,4
202008241200_2008_e9b3eb85.jpg,True,
202008241500_2008_95562ec9.jpg,True,
202008241500_2008_face4010.jpg,False,4
202008241800_2008_c4f73398.jpg,True,
202008241800_2008_c6bd368c.jpg,False,4
202008242100_2008_1e448216.jpg,True,
202008242100_2008_27eb5ade.jpg,False,4
202008250000_2008_54740466.jpg,True,
202008250000_2008_9625c73c.jpg,False,4
202008250300_2008_2fe79bfb.jpg,False,4
202008250300_2008_bf642a73.jpg,True,
202008250600_2008_68d73de8.jpg,False,2
202008250600_2008_b2ab012c.jpg,True,
202008250900_2008_81436de1.jpg,False,2
202008250900_2008_b7664639.jpg,True,
202008251200_2008_0839aefa.jpg,True,
202008251200_2008_69aad107.jpg,False,2
202008251500_2008_0e19bf42.jpg,True,
202008251500_2008_772eeea7.jpg,False,2
202008251800_2008_5885ac71.jpg,False,2
202008251800_2008_5929d017.jpg,True,
202008252100_2008_26f3e8f3.jpg,True,
202008252100_2008_460a8e3d.jpg,False,2
202008260000_2008_131a51b3.jpg,False,2
202008260000_2008_847f0e08.jpg,True,
202008260300_2008_4f5cb782.jpg,False,2
202008260300_2008_cbb6a54e.jpg,True,
202008260600_2008_9310166a.jpg,False,3
202008260600_2008_afbbedbd.jpg,True,
202008260900_2008_3972ac3b.jpg,True,
202008260900_2008_596408b4.jpg,False,3
202008261200_2008_57d62646.jpg,True,
202008261200_2008_f187a566.jpg,False,3
202008261500_2008_014c37c7.jpg,True,
202008261500_2008_f92acfbb.jpg,False,3
202008261800_2008_329eec8d.jpg,True,
202008261800_2008_4d35756f.jpg,False,3
202008262100_2008_ea6bb31f.jpg,True,
202008262100_2008_ebdb34ef.jpg,False,3
202008280600_2009_47841a40.jpg,False,2
202008280900_2009_131b9c0a.jpg,False,2
202008281200_2009_a83bf472.jpg,False,2
202008281500_2009_3bea87c3.jpg,False,2
202008291200_2009_ceec9bb1.jpg,False,4
202008291500_2009_e5063d0b.jpg,False,4
202008291800_2009_02650314.jpg,False,2
202008292100_2009_660d352f.jpg,False,4
202008300000_2009_023d5b91.jpg,False,2
202008300300_2009_b64b79fd.jpg,False,4
202008300600_2009_a3a6c1aa.jpg,False,4
202008300900_2009_fe9dcef6.jpg,False,2
202008301200_2009_b94990e6.jpg,False,4
202008301500_2009_8800f766.jpg,False,4
202008301800_2009_62c0c21f.jpg,False,4
202008302100_2009_fa757c3f.jpg,False,4
202008310000_2009_1d3b0355.jpg,False,4
202008310300_2009_26cd3555.jpg,False,4
202008310600_2009_c0dd14ca.jpg,False,4
202008310900_2009_486b5df3.jpg,False,4
202008311200_2009_a15b4d66.jpg,False,4
202008311200_2010_50513de2.jpg,False,4
202008311500_2009_6249b3bd.jpg,False,4
202008311500_2009_d4a711ec.jpg,True,
202008311500_2010_a26c8a75.jpg,True,
202008311500_2010_d6b29354.jpg,False,2
202008311800_2009_78a7680d.jpg,True,
202008311800_2009_bb18a8b7.jpg,False,4
202008311800_2010_732784a6.jpg,False,2
202008311800_2010_da95fe02.jpg,True,
202008312100_2009_6491ac54.jpg,False,4
202008312100_2009_8231e860.jpg,True,
202008312100_2010_aa166875.jpg,True,
202008312100_2010_c676e5ae.jpg,False,2
202009010000_2009_39da768a.jpg,True,
202009010000_2009_eb5e0a86.jpg,False,4
202009010000_2010_3284efca.jpg,True,
202009010000_2010_5c51a6de.jpg,False,2
202009010300_2009_e3cc5a13.jpg,True,
202009010300_2009_e4323e77.jpg,False,4
202009010300_2010_856fe433.jpg,False,2
202009010300_2010_d5198c1e.jpg,True,
202009010600_2009_051da470.jpg,True,
202009010600_2009_7e654448.jpg,False,4
202009010600_2010_0365bee3.jpg,True,
202009010600_2010_b893bc84.jpg,False,2
202009010900_2009_0bb0fe2d.jpg,True,
202009010900_2009_b0e7c240.jpg,False,4
202009010900_2010_75ac3dff.jpg,False,4
202009010900_2010_ba4f264a.jpg,True,
202009011200_2009_3b7ef4c1.jpg,True,
202009011200_2009_498eaa7b.jpg,False,4
202009011200_2010_4be3152e.jpg,True,
202009011200_2010_6adca582.jpg,False,2
202009011500_2009_366962d6.jpg,False,4
202009011500_2009_bfe6598d.jpg,True,
202009011500_2010_a7dbea79.jpg,False,2
202009011500_2010_b9c75719.jpg,True,
202009011800_2009_30bab483.jpg,True,
202009011800_2009_449fa446.jpg,False,4
202009011800_2010_1e1b3c2e.jpg,True,
202009012100_2009_34c9983a.jpg,True,
202009012100_2009_4ef5b6da.jpg,False,4
202009012100_2010_3553ebf9.jpg,True,
202009020000_2009_2d4006ac.jpg,False,4
202009020000_2009_78c14a30.jpg,True,
202009020000_2010_95923294.jpg,True,
202009020300_2009_76972e46.jpg,True,
202009020300_2009_c04e584b.jpg,False,4
202009020300_2010_5b6adcce.jpg,True,
202009020600_2009_043118d4.jpg,True,
202009020600_2009_0619b554.jpg,False,4
202009020600_2010_84f01513.jpg,False,2
202009020600_2010_b8fcbdb5.jpg,True,
202009020900_2009_2c63c186.jpg,False,4
202009020900_2009_6076be6b.jpg,True,
202009020900_2010_2af7569d.jpg,False,4
202009020900_2010_d5aa6ce1.jpg,True,
202009021200_2009_27f744ba.jpg,False,4
202009021200_2009_8a889d96.jpg,True,
202009021200_2010_b75d895d.jpg,False,4
202009021200_2010_c71584ba.jpg,True,
202009021500_2009_8128cb1b.jpg,False,3
202009021500_2009_f23560cf.jpg,True,
202009021500_2010_2e9fec7f.jpg,False,4
202009021500_2010_e0a5ce7f.jpg,True,
202009021800_2009_13730955.jpg,False,3
202009021800_2009_5c3a65bd.jpg,True,
202009021800_2010_9d4e53df.jpg,False,2
202009021800_2010_ef87d715.jpg,True,
202009022100_2009_597574fe.jpg,True,
202009022100_2009_94131fd5.jpg,False,3
202009022100_2010_57439586.jpg,True,
202009022100_2010_fb7d4f09.jpg,False,2
202009030000_2009_58077356.jpg,False,3
202009030000_2009_dd1111f4.jpg,True,
202009030000_2010_66c364bb.jpg,True,
202009030000_2010_9dbe28c6.jpg,False,4
202009030300_2009_6ba17a0a.jpg,True,
202009030300_2010_22a4e548.jpg,True,
202009030300_2010_ca757556.jpg,False,2
202009030600_2010_47022fde.jpg,False,2
202009030900_2010_38066bf7.jpg,False,4
202009031200_2010_5b49cb0f.jpg,False,4
202009031500_2010_bb194397.jpg,False,4
202009031800_2010_673839b1.jpg,False,2
202009032100_2010_0f828830.jpg,False,4
202009040000_2010_a3dd5df9.jpg,False,2
202009040300_2010_3c7537c7.jpg,False,2
202009040600_2010_1d87fae2.jpg,False,2
202009040900_2010_2aa24dda.jpg,False,2
202009041200_2010_b8bc8691.jpg,False,2
202009041500_2010_7979f1ca.jpg,False,2
202009041800_2010_877f3207.jpg,False,4
202009042100_2010_d69b0318.jpg,False,2
202009050000_2010_64cf8d1f.jpg,False,2
202009050300_2010_2e460616.jpg,False,4
202009050600_2010_7b7d9d4f.jpg,False,4
202009050900_2010_4bd7d31d.jpg,False,2
202009051200_2009_1aec9b7b.jpg,True,
202009051200_2010_6c37d57c.jpg,True,
202009051200_2010_9d228a3c.jpg,False,3
202009051500_2009_1cfa2ac9.jpg,True,
202009051500_2010_dc2261c6.jpg,False,3
202009051500_2010_f12d7c78.jpg,True,
202009051800_2009_fa3789bf.jpg,True,
202009051800_2010_68c010af.jpg,True,
202009051800_2010_e3367090.jpg,False,4
202009052100_2009_ce9e4501.jpg,True,
202009052100_2010_25e46ff0.jpg,False,3
202009052100_2010_579b6ad5.jpg,True,
202009060000_2009_25846e0e.jpg,True,
202009060000_2010_8939e053.jpg,True,
202009060000_2010_c81622e0.jpg,False,4
202009060300_2009_51e0572a.jpg,True,
202009060300_2010_8d36b433.jpg,True,
202009060300_2010_b39ae67d.jpg,False,3
202009060600_2009_41d42f3d.jpg,True,
202009060600_2010_3ecc0e5b.jpg,True,
202009060600_2010_e9d463fe.jpg,False,3
202009060900_2009_b4c141cb.jpg,True,
202009060900_2010_126e63b6.jpg,True,
202009060900_2010_72959628.jpg,False,3
202009061200_2009_dd34c48b.jpg,True,
202009061200_2010_10df1c02.jpg,False,3
202009061200_2010_c8b9940d.jpg,True,
202009061500_2009_f8c2acf3.jpg,True,
202009061500_2010_6fb90ed9.jpg,True,
202009061500_2010_87300bdb.jpg,False,3
202009061800_2009_d9eea87c.jpg,True,
202009061800_2010_1cfa0f3d.jpg,False,3
202009061800_2010_66ce262a.jpg,True,
202009062100_2009_e320c1bb.jpg,True,
202009062100_2010_94233717.jpg,True,
202009062100_2010_fc7faa8a.jpg,False,3
202009070000_2009_804eb264.jpg,True,
202009070000_2010_20ad6785.jpg,True,
202009070000_2010_44fc70f8.jpg,False,3
202009070300_2010_49b69e90.jpg,True,
202009070600_2010_ec432437.jpg,True,
202009070900_2010_5ab81f58.jpg,True,
202009071200_2010_d8b07ec8.jpg,True,
202009071200_2010_ee8b35d4.jpg,False,2
202009071500_2010_1d72b5ff.jpg,True,
202009071800_2010_835d0909.jpg,True,
202009072100_2010_cd3e154c.jpg,True,
202009080000_2010_d5e04cff.jpg,True,
202009080300_2010_47ecfa0d.jpg,True,
202009080600_2010_0fe703cb.jpg,True,
202009080900_2010_ead57250.jpg,True,
202009081200_2010_14599dfa.jpg,True,
202009081500_2010_9e727586.jpg,True,
202009081800_2010_7a51cb78.jpg,True,
202009082100_2010_82841d3f.jpg,True,
202009090000_2010_0d0d7bdb.jpg,True,
202009090300_2010_82a787b3.jpg,True,
202009090600_2010_deb8fb43.jpg,True,
202009090900_2010_20a203ce.jpg,True,
202009091200_2010_90ffbb00.jpg,True,
202009091500_2010_6e611ac1.jpg,True,
202009091800_2010_fb6219f9.jpg,True,
202009092100_2010_8a26fb69.jpg,True,
202009100000_2010_cb256ccb.jpg,True,
202009100300_2010_a5779174.jpg,True,
202009100600_2010_4f3f4601.jpg,True,
202009151800_2011_4cd9aba3.jpg,False,2
202009152100_2011_56ed41ca.jpg,False,2
202009160000_2011_160175bf.jpg,False,2
202009160300_2011_c978174d.jpg,False,2
202009160600_2011_973cf7c0.jpg,False,2
202009160900_2011_f56a3c1c.jpg,False,2
202009161200_2011_6c29fd2b.jpg,False,2
202009161500_2011_e3dab62a.jpg,False,2
202009161800_2011_4bedecf2.jpg,False,2
202009162100_2011_e39ada13.jpg,False,2
202009170000_2011_c6508b2a.jpg,False,2
202009170300_2011_c75208c1.jpg,False,2
202009170600_2011_e3f625b3.jpg,False,2
202009170900_2011_e2b6a7b3.jpg,False,2
202009171200_2011_47d94c59.jpg,False,2
202009171500_2011_92888e4f.jpg,False,2
202009171800_2011_a13942c0.jpg,False,2
202009172100_2011_9e414a77.jpg,False,2
202009180000_2011_32f3ae72.jpg,False,2
202009180300_2011_7b10e69a.jpg,False,2
202009180600_2011_e8b4fb95.jpg,False,2
202009180900_2011_d3f72d2c.jpg,False,2
202009181200_2011_605234fd.jpg,False,2
202009181500_2011_75e591f0.jpg,False,2
202009201200_2012_28f7f6fd.jpg,False,4
202009201500_2012_7bb36783.jpg,False,2
202009201800_2012_a43ac0ab.jpg,False,4
202009202100_2012_45508d31.jpg,False,4
202009210000_2012_208203ce.jpg,False,4
202009210300_2012_7c5637e7.jpg,True,
202009210300_2012_8888c90d.jpg,False,4
202009210600_2012_69382e1a.jpg,True,
202009210600_2012_dafffa43.jpg,False,4
202009210900_2012_6204c362.jpg,False,4
202009210900_2012_bf2c3e83.jpg,True,
202009211200_2012_311be798.jpg,True,
202009211200_2012_97c8f63c.jpg,False,4
202009211500_2012_75e8939d.jpg,True,
202009211500_2012_81706c39.jpg,False,2
202009211800_2012_1583f50e.jpg,True,
202009211800_2012_453aeb6a.jpg,False,2
202009212100_2012_537612e8.jpg,False,2
202009212100_2012_9a482bd7.jpg,True,
202009220000_2012_70903599.jpg,True,
202009220300_2012_3e9e949a.jpg,True,
202009220600_2012_010812f7.jpg,True,
202009220900_2012_20bf663a.jpg,True,
202009220900_2012_d36d8248.jpg,False,4
202009221200_2012_4c7db993.jpg,False,4
202009221200_2012_9ffe9ca1.jpg,True,
202009221500_2012_18abeaff.jpg,True,
202009221500_2012_ef91542b.jpg,False,4
202009221800_2012_9edf7b5d.jpg,True,
202009221800_2012_dbacf66b.jpg,False,2
202009222100_2012_1b4360fb.jpg,True,
202009222100_2012_d4dfb429.jpg,False,2
202009230000_2012_bc6940e8.jpg,False,2
202009230000_2012_bef7d323.jpg,True,
202009230300_2012_2742ea45.jpg,False,2
202009230300_2012_a2ab5b83.jpg,True,
202009230600_2012_11235ca0.jpg,False,2
202009230600_2012_8bb8817d.jpg,True,
202009230900_2012_76b29014.jpg,False,2
202009230900_2012_ea200304.jpg,True,
202009231200_2012_7aba82b0.jpg,False,2
202009231200_2012_b2dcf137.jpg,True,
202009231500_2012_08c946aa.jpg,False,2
202009231500_2012_44de230f.jpg,True,
202009231800_2012_b3149ef5.jpg,False,2
202009231800_2012_e75367da.jpg,True,
202009232100_2012_632c3240.jpg,False,2
202009232100_2012_ad9e6d0d.jpg,True,
202009240000_2012_86614a9e.jpg,True,
202009240000_2012_e46e2383.jpg,False,2
202009240300_2012_8997019b.jpg,False,2
202009240300_2012_db45dd23.jpg,True,
202009240600_2012_5b703950.jpg,True,
202009240900_2012_4bd59fc8.jpg,True,
202009241200_2012_f063277d.jpg,True,
202009241500_2012_bdeeb7e8.jpg,True,
202009241800_2012_7348bf3d.jpg,True,
202009242100_2012_a4ac31fe.jpg,True,
202009250000_2012_0801f2b1.jpg,True,
202009250300_2012_e40ad334.jpg,True,
202009250600_2012_77aff826.jpg,True,
202009250900_2012_f9a2200c.jpg,True,
202009251200_2012_fb57f7d0.jpg,True,
202009251200_2013_26c1f505.jpg,True,
202009251200_2013_6251063d.jpg,False,2
202009251500_2012_5941dd61.jpg,True,
202009251500_2013_77e17c29.jpg,False,2
202009251500_2013_c4840571.jpg,True,
202009251800_2012_997f9911.jpg,True,
202009251800_2013_6e765058.jpg,True,
202009251800_2013_c79a98e3.jpg,False,2
202009252100_2012_a5c3b016.jpg,True,
202009252100_2013_40c7b626.jpg,True,
202009252100_2013_f39a6f02.jpg,False,2
202009260000_2012_d5b373c2.jpg,True,
202009260000_2013_501289e8.jpg,True,
202009260000_2013_c560b129.jpg,False,2
202009260300_2012_14c6f25f.jpg,True,
202009260300_2013_144e6d9a.jpg,True,
202009260300_2013_b57d469f.jpg,False,1
202009260600_2012_687699bd.jpg,True,
202009260600_2013_dea4af7d.jpg,False,4
202009260600_2013_e90cc760.jpg,True,
202009260900_2012_a80db100.jpg,True,
202009260900_2013_b2a8cb20.jpg,True,
202009260900_2013_ecdffbc0.jpg,False,2
202009261200_2012_6ab3e54a.jpg,True,
202009261200_2013_91cf4284.jpg,False,2
202009261200_2013_be40c12c.jpg,True,
202009261500_2012_b34412a8.jpg,True,
202009261500_2013_1afd02e6.jpg,False,1
202009261500_2013_5da2ebd0.jpg,True,
202009261800_2012_e8405e13.jpg,True,
202009261800_2013_2be4cdd9.jpg,True,
202009261800_2013_ce71fce3.jpg,False,2
202009262100_2012_49bb0736.jpg,True,
202009262100_2013_4b6d9aae.jpg,True,
202009262100_2013_b8dbcb98.jpg,False,2
202009270000_2012_c6444371.jpg,True,
202009270000_2013_41c7fd61.jpg,False,2
202009270000_2013_cd931a49.jpg,True,
202009270300_2012_9d4d6aa9.jpg,True,
202009270300_2013_b2f3c4e2.jpg,True,
202009270300_2013_f4ced1c2.jpg,False,4
202009270600_2012_d2921c5f.jpg,True,
202009270600_2013_4b0471d6.jpg,True,
202009270600_2013_752d57be.jpg,False,4
202009270900_2012_4dff29c5.jpg,True,
202009270900_2013_453f2667.jpg,False,4
202009270900_2013_9bfb87ee.jpg,True,
202009271200_2012_1872f5c6.jpg,True,
202009271200_2013_7ae9d12a.jpg,False,2
202009271200_2013_b31f3270.jpg,True,
202009271500_2012_2b2d5fbb.jpg,True,
202009271500_2013_5d0ce198.jpg,False,2
202009271500_2013_807838e5.jpg,True,
202009271800_2012_24693c9f.jpg,True,
202009271800_2013_b8330b49.jpg,False,2
202009271800_2013_dbe20460.jpg,True,
202009272100_2012_0f6dbd99.jpg,True,
202009272100_2013_611f6f71.jpg,False,2
202009272100_2013_c8addab5.jpg,True,
202009280000_2012_be0e4dd8.jpg,True,
202009280000_2013_b96031c4.jpg,True,
202009280000_2013_e6d47855.jpg,False,2
202009280300_2012_1d0c6341.jpg,True,
202009280300_2013_0cd1d4d3.jpg,True,
202009280300_2013_30f4544a.jpg,False,4
202009280600_2012_99f07201.jpg,True,
202009280600_2013_b64c9321.jpg,False,4
202009280600_2013_db3807f7.jpg,True,
202009280900_2012_2e17055b.jpg,True,
202009280900_2013_2aa90254.jpg,True,
202009280900_2013_92d1f2de.jpg,False,4
202009281200_2012_ba9ea189.jpg,True,
202009281200_2013_8c250846.jpg,False,4
202009281200_2013_8d5501a8.jpg,True,
202009281500_2012_daad7ef7.jpg,True,
202009281500_2013_b6a21369.jpg,True,
202009281500_2013_d6939684.jpg,False,2
202009281800_2012_51eb2ca5.jpg,True,
202009281800_2013_779bc24c.jpg,False,4
202009281800_2013_b3132f5e.jpg,True,
202009282100_2012_86bab585.jpg,True,
202009282100_2013_757711d6.jpg,True,
202009282100_2013_b7139c35.jpg,False,4
202009290000_2012_5e07b331.jpg,True,
202009290000_2013_3ee74ba1.jpg,False,4
202009290000_2013_fd879e34.jpg,True,
202009290300_2012_0e9e5e11.jpg,True,
202009290300_2013_26f9bcff.jpg,True,
202009290300_2013_c89ecacf.jpg,False,2
202009290600_2012_d7757248.jpg,True,
202009290600_2013_5ced2cb9.jpg,True,
202009290600_2013_bd814c56.jpg,False,2
202009290900_2012_e5bedcdd.jpg,True,
202009290900_2013_09123b12.jpg,False,2
202009290900_2013_1fe9cd26.jpg,True,
202009291200_2012_318ff10c.jpg,True,
202009291200_2013_13baea32.jpg,True,
202009291200_2013_1716593c.jpg,False,2
202009291500_2012_c932c632.jpg,True,
202009291500_2013_d2763da4.jpg,True,
202009291500_2013_eac676eb.jpg,False,2
202009291800_2012_b43cc307.jpg,True,
202009291800_2013_1d2973e9.jpg,False,2
202009291800_2013_7a715467.jpg,True,
202009292100_2013_4ece507e.jpg,True,
202009292100_2013_72bd7a78.jpg,False,2
202009300000_2013_1c9d2525.jpg,False,2
202009300000_2013_21ba0ce3.jpg,True,
202009300300_2013_632798f9.jpg,True,
202009300600_2013_39e291d3.jpg,True,
202009300900_2013_c6282e3b.jpg,True,
202009301200_2013_75e03241.jpg,True,
202009301500_2013_e89e0fb8.jpg,True,
202009301800_2013_7c58f283.jpg,True,
202009302100_2013_7a99d70d.jpg,True,
202010010000_2013_6cbcc25f.jpg,True,
202010010300_2013_a4464db7.jpg,True,
202010010600_2013_d2341c65.jpg,True,
202010010900_2013_7a294f0c.jpg,True,
202010011200_2013_8415e318.jpg,True,
202010011500_2013_81d4d7ed.jpg,True,
202010011800_2013_af66c442.jpg,True,
202010040000_2014_08468489.jpg,True,
202010040000_2014_148d67de.jpg,False,1
202010040300_2014_3ab01bd1.jpg,False,2
202010040300_2014_667358bf.jpg,True,
202010040600_2014_03c45c4d.jpg,True,
202010040600_2014_b9f67522.jpg,False,2
202010040900_2014_a6d92c5b.jpg,False,4
202010040900_2014_bd6fee74.jpg,True,
202010041200_2014_89fa5cbf.jpg,True,
202010041200_2014_c9460975.jpg,False,2
202010041500_2014_49f574a6.jpg,False,2
202010041500_2014_4dfe7083.jpg,True,
202010041800_2014_72789a1c.jpg,False,2
202010041800_2014_e9ced9d1.jpg,True,
202010042100_2014_07627a6b.jpg,True,
202010042100_2014_2f78fd73.jpg,False,2
202010050000_2014_7522bd62.jpg,True,
202010050000_2014_7df9f608.jpg,False,4
202010050300_2014_48797fca.jpg,False,4
202010050300_2014_a8f7707f.jpg,True,
202010050600_2014_844aa155.jpg,False,4
202010050600_2014_cc82375b.jpg,True,
202010050900_2014_55f871cc.jpg,False,4
202010050900_2014_58f8729c.jpg,True,
202010051200_2014_4a0e2bcc.jpg,False,4
202010051200_2014_7a499b5f.jpg,True,
202010051500_2014_2b1e8952.jpg,True,
202010051500_2014_518718a3.jpg,False,4
202010051800_2014_427e3809.jpg,True,
202010051800_2014_9f49e844.jpg,False,4
202010052100_2014_89eed5e0.jpg,False,4
202010052100_2014_f8606ad3.jpg,True,
202010060000_2014_54cf8187.jpg,True,
202010060000_2014_70c7481a.jpg,False,4
202010060300_2014_e3129dff.jpg,False,4
202010060300_2014_ebe17768.jpg,True,
202010060600_2014_12c57674.jpg,True,
202010060600_2014_8ee35635.jpg,False,4
202010060900_2014_2086063c.jpg,False,4
202010061200_2014_6b3116ea.jpg,False,4
202010061500_2014_ab383ccf.jpg,False,4
202010061800_2014_2872fd15.jpg,False,4
202010061800_2015_b0765148.jpg,False,2
202010062100_2014_2fd781bf.jpg,False,4
202010062100_2015_3df76098.jpg,False,2
202010070000_2014_b163c408.jpg,False,4
202010070000_2015_fbb3e159.jpg,False,2
202010070300_2014_2d31878e.jpg,False,4
202010070300_2015_ebb33de1.jpg,False,1
202010070600_2014_be97b988.jpg,False,4
202010070600_2015_ab5648b7.jpg,False,2
202010070900_2014_b6a17cc4.jpg,False,4
202010070900_2015_2fd71ee1.jpg,False,2
202010071200_2014_36f8a471.jpg,False,4
202010071200_2015_eb6e545e.jpg,False,4
202010071500_2014_b98b609a.jpg,False,4
202010071500_2015_9d756048.jpg,False,2
202010071800_2014_9cd430b4.jpg,False,4
202010071800_2015_5f154643.jpg,False,4
202010072100_2014_774b277c.jpg,False,3
202010072100_2015_ac391fcb.jpg,False,2
202010080000_2014_42c3be4b.jpg,False,4
202010080000_2015_a853ed64.jpg,False,2
202010080300_2014_96f223a1.jpg,False,4
202010080300_2015_b1bd7cee.jpg,False,2
202010080600_2014_54f13433.jpg,False,4
202010080600_2015_8d86b002.jpg,False,2
202010080900_2014_ee6f471d.jpg,False,4
202010080900_2015_882c66bf.jpg,False,2
202010081200_2014_daab729f.jpg,False,4
202010081200_2015_81ed4c9d.jpg,False,2
202010081500_2014_24c335e8.jpg,False,4
202010081500_2015_630fd3e9.jpg,False,2
202010081800_2014_42789518.jpg,False,4
202010081800_2015_04e8d2c5.jpg,False,4
202010082100_2014_977d33bc.jpg,False,4
202010082100_2015_3f1e6d84.jpg,False,4
202010090000_2014_8b0766ad.jpg,False,4
202010090000_2015_33f49a3e.jpg,False,1
202010090300_2014_1ac703e8.jpg,False,4
202010090300_2015_c91b7b1e.jpg,False,1
202010090600_2014_68d23caf.jpg,False,2
202010090600_2015_7a4dba0a.jpg,False,4
202010090900_2014_559aaac0.jpg,False,3
202010090900_2015_ca4426c3.jpg,False,4
202010091200_2014_72510435.jpg,False,2
202010091200_2015_3b761f97.jpg,False,4
202010091500_2014_e979372a.jpg,False,2
202010091500_2015_c1705bcf.jpg,False,2
202010091800_2014_1787decc.jpg,False,1
202010091800_2015_27c5cd70.jpg,False,2
202010092100_2014_1657a04c.jpg,False,2
202010092100_2015_358c453d.jpg,False,4
202010100000_2014_d6ec667f.jpg,False,1
202010100000_2015_b95d1072.jpg,False,1
202010100300_2014_f6f9bc08.jpg,False,1
202010100300_2015_4229e12e.jpg,False,2
202010100600_2014_92da821e.jpg,False,2
202010100600_2015_6a0faa4c.jpg,False,2
202010100900_2014_43f7dd18.jpg,False,2
202010100900_2015_eda59ef8.jpg,False,4
202010101200_2014_89ea4e7e.jpg,False,2
202010101200_2015_3c59e9ce.jpg,False,4
202010101500_2014_ee4c295e.jpg,False,2
202010101500_2015_6354dcdd.jpg,False,4
202010101800_2014_17ed0f8a.jpg,False,2
202010101800_2015_dc170b42.jpg,False,4
202010102100_2014_fce82ef6.jpg,False,2
202010102100_2015_6292361f.jpg,False,4
202010110000_2014_8dc2b940.jpg,False,1
202010110000_2015_03302ea8.jpg,False,4
202010110000_2016_3f280baf.jpg,False,2
202010110300_2014_89c682c4.jpg,False,1
202010110300_2015_4d184b31.jpg,False,4
202010110300_2016_3612ffdf.jpg,False,4
202010110600_2014_b1d3149d.jpg,False,1
202010110600_2015_e0f2b989.jpg,False,4
202010110600_2016_a5f2e16d.jpg,False,2
202010110900_2014_580e5ca1.jpg,False,1
202010110900_2015_7c4047e4.jpg,False,2
202010110900_2016_5d859dd2.jpg,False,2
202010111200_2014_06b8ca0a.jpg,False,1
202010111200_2015_b4081dbb.jpg,False,2
202010111200_2016_6ebe6e31.jpg,False,2
202010111500_2014_8735f196.jpg,False,1
202010111500_2015_eee7dd13.jpg,False,2
202010111500_2016_da50e328.jpg,False,4
202010111800_2014_efc3587b.jpg,False,1
202010111800_2015_e3721d7d.jpg,False,2
202010111800_2016_2638a61c.jpg,False,4
202010112100_2014_d6122e3e.jpg,False,1
202010112100_2015_aa9e7ba0.jpg,False,2
202010112100_2016_c01a246d.jpg,False,2
202010120000_2014_5820d5ad.jpg,False,1
202010120000_2015_71e93ca7.jpg,False,2
202010120000_2016_d162255a.jpg,False,4
202010120300_2014_995ed905.jpg,False,1
202010120300_2015_aa935b09.jpg,False,2
202010120300_2016_17485295.jpg,False,4
202010120600_2014_b6d632a3.jpg,False,1
202010120600_2015_78dde9c5.jpg,False,2
202010120600_2016_b25d5bce.jpg,False,2
202010120900_2014_484b9d59.jpg,False,1
202010120900_2016_27768176.jpg,False,2
202010121200_2014_fbd57cec.jpg,False,1
202010121200_2016_94f78625.jpg,False,4
202010121500_2014_b44f0853.jpg,False,1
202010121500_2016_bc5165b9.jpg,False,4
202010121800_2014_6b75110c.jpg,False,1
202010121800_2016_083434f2.jpg,False,4
202010122100_2014_49d7e2f0.jpg,False,1
202010122100_2016_09c899d2.jpg,False,4
202010130000_2014_5941653c.jpg,False,1
202010130000_2016_e3a9f60d.jpg,False,4
202010130300_2014_e72c2392.jpg,False,1
202010130300_2016_b9e24c33.jpg,False,4
202010130600_2014_a27eefab.jpg,False,1
202010130600_2016_18d5c17a.jpg,False,4
202010130900_2014_f6edfd39.jpg,False,1
202010130900_2016_965ba6f6.jpg,False,4
202010131200_2014_aa1e0ddd.jpg,False,1
202010131200_2016_73fe2d0b.jpg,False,4
202010131500_2014_276a101a.jpg,False,1
202010131500_2016_7d1065db.jpg,False,2
202010131800_2014_e97c5db0.jpg,False,1
202010131800_2016_89ff0740.jpg,False,2
202010132100_2014_3a19b417.jpg,False,1
202010132100_2016_98bd5cea.jpg,False,2
202010140000_2014_878650e0.jpg,False,1
202010140000_2016_ac19ca45.jpg,False,2
202010140300_2014_bfe00ca6.jpg,False,1
202010140300_2016_be047886.jpg,False,2
202010140600_2014_2a9f6a73.jpg,False,1
202010140600_2016_4ff4e9bf.jpg,False,2
202010140900_2014_b8cd9ed5.jpg,False,1
202010140900_2016_b05a1e12.jpg,False,3
202010141200_2014_a48974f7.jpg,False,1
202010141200_2016_adcaabc2.jpg,False,2
202010141500_2014_763ea8d6.jpg,False,4
202010141500_2014_b44c86df.jpg,False,1
202010141800_2014_73078e01.jpg,False,1
202010141800_2014_feb0b3be.jpg,False,2
202010142100_2014_01061d59.jpg,False,1
202010142100_2014_c90b86a2.jpg,False,4
202010150000_2014_9d3f111a.jpg,True,
202010150000_2014_bb03202e.jpg,False,1
202010150300_2014_21bd69db.jpg,False,1
202010150300_2014_b1088743.jpg,True,
202010150600_2014_337dabb8.jpg,False,1
202010150600_2014_d9c3dea4.jpg,False,1
202010150900_2014_3c98636d.jpg,False,1
202010150900_2014_efbc4b34.jpg,False,1
202010151200_2014_4c9946c0.jpg,False,1
202010151200_2014_aa2b3b94.jpg,False,1
202010151500_2014_78de6208.jpg,True,
202010151500_2014_8c27c40f.jpg,False,1
202010151800_2014_30f84b2d.jpg,True,
202010151800_2014_531580a2.jpg,False,1
202010152100_2014_5caf89bb.jpg,True,
202010152100_2014_df42dd63.jpg,False,1
202010160000_2014_2158f24c.jpg,True,
202010160000_2014_21bb6edf.jpg,False,1
202010160300_2014_3680b048.jpg,False,1
202010160300_2014_6e06f57f.jpg,True,
202010160600_2014_a2f1af3e.jpg,False,1
202010160600_2014_d62bf4b7.jpg,False,1
202010160900_2014_2fa46d18.jpg,False,1
202010160900_2014_8cb3f9ab.jpg,False,2
202010161200_2014_089ca4be.jpg,False,2
202010161200_2014_a5135182.jpg,False,2
202010161500_2014_321eb5af.jpg,True,
202010161500_2014_526b6d8e.jpg,False,2
202010161800_2014_0bcc42ca.jpg,True,
202010161800_2014_7a5d20cd.jpg,False,2
202010162100_2014_4c85bce0.jpg,True,
202010170000_2014_aad95f70.jpg,False,2
202010170300_2014_7e176e15.jpg,False,2
202010170600_2014_dce4057b.jpg,False,2
202010170900_2014_22f6b754.jpg,False,2
202010171200_2014_4d8da61e.jpg,False,2
202010171500_2014_5e0c0431.jpg,True,
202010171800_2014_b4dac44e.jpg,True,
202010172100_2014_5686d7a7.jpg,True,
202010180000_2014_7e06d083.jpg,True,
202010180300_2014_51498c9f.jpg,True,
202010180600_2014_753419f2.jpg,True,
202010180900_2014_06489932.jpg,True,
202010181200_2014_eaca199a.jpg,True,
202010181500_2014_d30d62c3.jpg,True,
202010181800_2017_c644d3af.jpg,False,2
202010182100_2017_d275eee6.jpg,False,2
202010190000_2017_a212290b.jpg,False,2
202010190300_2017_31ac3d5d.jpg,False,2
202010190600_2017_0b9d2e22.jpg,False,2
202010190900_2017_302797ad.jpg,False,4
202010191200_2017_e77bb26c.jpg,False,2
202010191500_2017_15e614bb.jpg,False,2
202010191800_2017_f878a339.jpg,False,4
202010192100_2017_8f882663.jpg,False,4
202010200000_2017_2aba18ed.jpg,False,4
202010200300_2017_6f568513.jpg,False,4
202010200600_2017_d5ba26d0.jpg,False,4
202010200900_2017_a137e0bc.jpg,False,4
202010201200_2017_ebff874b.jpg,False,2
202010201500_2017_0e04aa1e.jpg,False,2
202010201800_2017_aa67e556.jpg,False,4
202010202100_2017_94bb320c.jpg,False,4
202010210000_2017_2ee6ef7d.jpg,False,4
202010210300_2017_208584d7.jpg,False,4
202010210600_2017_bf2f93ee.jpg,False,4
202010210900_2017_82615acf.jpg,False,4
202010211200_2017_fc3ce753.jpg,False,4
202010211500_2017_5d099820.jpg,False,4
202010211800_2017_1a198b37.jpg,False,4
202010212100_2017_a18844ec.jpg,False,4
202010220000_2017_4849a676.jpg,False,4
202010220000_2018_f335d868.jpg,False,1
202010220300_2017_1580f0cf.jpg,False,4
202010220300_2018_7c98e053.jpg,False,1
202010220600_2017_58c21400.jpg,False,4
202010220600_2018_8baf1928.jpg,False,1
202010220900_2017_2ea8be87.jpg,False,4
202010220900_2018_52fd03d1.jpg,False,1
202010221200_2017_a922bd24.jpg,False,4
202010221200_2018_53f90d49.jpg,False,1
202010221500_2017_416e4df8.jpg,False,4
202010221500_2018_68c73ede.jpg,False,1
202010221800_2017_90da56b7.jpg,False,4
202010221800_2018_b065fa7d.jpg,False,1
202010222100_2017_5c97aad8.jpg,False,4
202010222100_2018_a9d75139.jpg,False,2
202010230000_2017_3d72fba3.jpg,False,4
202010230000_2018_c0c5c0e5.jpg,False,2
202010230300_2017_55815288.jpg,False,4
202010230300_2018_2ea89972.jpg,False,2
202010230600_2017_186464f1.jpg,False,4
202010230600_2018_42e6932f.jpg,False,2
202010230900_2017_6c171646.jpg,False,4
202010230900_2018_61e48dfd.jpg,False,2
202010231200_2017_5b81d751.jpg,False,4
202010231200_2018_c6284451.jpg,False,1
202010231500_2017_a732fdaa.jpg,False,4
202010231500_2018_a183cd34.jpg,False,1
202010231800_2017_b9f8b789.jpg,False,3
202010231800_2018_e0714cc2.jpg,False,2
202010232100_2017_ee12f3d2.jpg,False,2
202010232100_2018_199e9cae.jpg,False,2
202010240000_2017_aa4f77bf.jpg,False,2
202010240000_2018_b5ed93cd.jpg,False,2
202010240300_2017_ce8c0ea8.jpg,False,2
202010240300_2018_34ca024c.jpg,False,2
202010240600_2017_d091c7f7.jpg,False,2
202010240600_2018_eb7c76f2.jpg,False,2
202010240900_2017_5e360221.jpg,False,2
202010240900_2018_6ab116af.jpg,False,2
202010241200_2017_80ed02e3.jpg,False,2
202010241200_2018_b1a3bfa2.jpg,False,2
202010241500_2017_c3c4886e.jpg,False,2
202010241500_2018_851e7ea6.jpg,False,2
202010241800_2017_b3dea84c.jpg,False,2
202010241800_2018_be4fdaac.jpg,False,2
202010242100_2017_0f3dd97d.jpg,False,2
202010242100_2018_777f24d8.jpg,False,2
202010250000_2017_28abaf32.jpg,False,2
202010250000_2018_cae75b00.jpg,False,2
202010250300_2017_494f327b.jpg,False,2
202010250300_2018_a2e91c1b.jpg,False,2
202010250600_2017_c2813992.jpg,False,2
202010250600_2018_c784c04c.jpg,False,2
202010250900_2017_175260d8.jpg,False,2
202010250900_2018_d96e65c6.jpg,False,4
202010251200_2017_7f56d35b.jpg,False,1
202010251200_2018_8519f5de.jpg,False,4
202010251500_2018_921ed3a5.jpg,False,4
202010251800_2018_525ef580.jpg,False,4
202010252100_2018_887be933.jpg,False,4
202010260000_2018_19fc701a.jpg,False,4
202010260300_2018_5e128403.jpg,False,4
202010260600_2018_463f21c7.jpg,False,4
202010260900_2018_e168be1b.jpg,False,4
202010261200_2018_b361be61.jpg,False,4
202010261200_2019_a21c2ff1.jpg,False,2
202010261500_2018_c7e7eea9.jpg,False,4
202010261500_2019_27d6974d.jpg,False,1
202010261800_2018_ccacc6da.jpg,False,4
202010261800_2019_d123554b.jpg,False,1
202010262100_2018_227d34c9.jpg,False,4
202010262100_2019_1258a5d8.jpg,False,1
202010270000_2018_e53a3c06.jpg,False,4
202010270000_2019_897cf268.jpg,False,1
202010270300_2018_0c03a75f.jpg,False,4
202010270300_2019_fe864f26.jpg,False,2
202010270600_2018_4fca73f2.jpg,False,4
202010270600_2019_4ad729bc.jpg,False,2
202010270900_2018_8ef3a992.jpg,False,2
202010270900_2019_7aca5296.jpg,False,4
202010271200_2018_2b86906f.jpg,False,2
202010271200_2019_826da0b9.jpg,False,2
202010271500_2018_3ebafe8b.jpg,False,4
202010271500_2019_f41de5be.jpg,False,1
202010271800_2018_426f4b7e.jpg,False,4
202010271800_2019_11bdc505.jpg,False,1
202010272100_2018_fb8ff567.jpg,False,2
202010272100_2019_33e64841.jpg,False,1
202010280000_2018_59a4e482.jpg,False,4
202010280000_2019_ee87247b.jpg,False,4
202010280300_2018_8599b3e7.jpg,False,4
202010280300_2019_32c14c1d.jpg,False,2
202010280600_2018_f291d612.jpg,False,4
202010280600_2019_36e9a8a6.jpg,False,4
202010280900_2018_f428302a.jpg,False,2
202010280900_2019_e31adeda.jpg,False,4
202010281200_2018_262e75b9.jpg,False,4
202010281200_2019_b7912266.jpg,False,2
202010281500_2018_982c3cc1.jpg,False,2
202010281500_2019_b61b97f6.jpg,False,1
202010281800_2018_c0e18137.jpg,False,4
202010281800_2019_f47d7483.jpg,False,2
202010282100_2018_fef6f5e5.jpg,False,4
202010282100_2019_35d2346a.jpg,False,2
202010290000_2018_fb55f90f.jpg,False,2
202010290000_2019_034ade02.jpg,False,2
202010290300_2019_1c80c428.jpg,False,2
202010290600_2019_e44552bd.jpg,False,2
202010290900_2019_99598c2d.jpg,False,2
202010291200_2019_31ecfaf9.jpg,False,2
202010291500_2019_876d2ad1.jpg,False,1
202010291800_2019_55834599.jpg,False,2
202010292100_2019_e0baf0dc.jpg,False,2
202010300000_2019_14c650ad.jpg,False,2
202010300300_2019_3d4ed645.jpg,False,2
202010300600_2019_59816c86.jpg,False,2
202010300900_2019_3394f3bc.jpg,False,4
202010301200_2019_2df9368f.jpg,False,4
202010301200_2020_b108407a.jpg,False,2
202010301500_2019_b1b0f012.jpg,False,4
202010301500_2020_e4b5acb4.jpg,False,2
202010301800_2019_0e89721c.jpg,False,4
202010301800_2020_f19118e5.jpg,False,2
202010302100_2019_2e04bf5e.jpg,False,4
202010302100_2020_63d1e71d.jpg,False,2
202010310000_2019_1db8c183.jpg,False,4
202010310000_2020_aae81d2d.jpg,False,1
202010310300_2019_bebc6c13.jpg,False,4
202010310300_2020_d9716dd3.jpg,False,2
202010310600_2019_782680bf.jpg,False,4
202010310600_2020_adfe7e70.jpg,False,2
202010310900_2019_422139ee.jpg,False,4
202010310900_2020_8a014a17.jpg,False,4
202010311200_2019_364e6a41.jpg,False,4
202010311200_2020_4d4dc7a6.jpg,False,2
202010311500_2019_3f2aec2d.jpg,False,4
202010311500_2020_aaf93fbd.jpg,False,2
202010311800_2019_0124a932.jpg,False,4
202010311800_2020_5390eb88.jpg,False,2
202010312100_2019_26bdf64b.jpg,False,4
202010312100_2020_aeb85766.jpg,False,2
202011010000_2019_e15c094d.jpg,False,4
202011010000_2020_dc244e1c.jpg,False,4
202011010300_2019_60d2421a.jpg,False,4
202011010300_2020_0b71e33b.jpg,False,4
202011010600_2019_b756fd40.jpg,False,4
202011010600_2020_0cfb3888.jpg,False,4
202011010900_2019_eaec0dd5.jpg,False,4
202011010900_2020_602bf813.jpg,False,4
202011011200_2019_e2a1f650.jpg,False,2
202011011200_2020_311e14e1.jpg,False,4
202011011500_2019_f946c63d.jpg,False,2
202011011500_2020_c8c01f77.jpg,False,2
202011011800_2019_7b7ee3a7.jpg,False,2
202011011800_2020_13e38f23.jpg,False,2
202011012100_2019_7d69c4bc.jpg,False,2
202011012100_2020_cef8bff5.jpg,False,2
202011020000_2019_a85369e7.jpg,False,2
202011020000_2020_d1f72ac2.jpg,False,2
202011020300_2019_e2f36d08.jpg,False,2
202011020300_2020_04f37ead.jpg,False,2
202011020600_2019_03abf16c.jpg,False,2
202011020600_2020_5a0163e1.jpg,False,2
202011020900_2019_2acac880.jpg,False,2
202011020900_2020_3e9a7c34.jpg,False,4
202011021200_2019_d1a4f3fc.jpg,False,2
202011021200_2020_c3cdc024.jpg,False,4
202011021500_2019_ae15f8c8.jpg,False,4
202011021500_2020_a5be4b55.jpg,False,4
202011021800_2019_bb4b6a5c.jpg,False,2
202011021800_2020_ef78529b.jpg,False,2
202011022100_2019_b8568281.jpg,False,2
202011022100_2020_13af9cd9.jpg,False,4
202011030000_2019_0c3d69bf.jpg,False,1
202011030000_2020_a151a091.jpg,False,4
202011030300_2019_4bd1573b.jpg,False,2
202011030300_2020_27bea32f.jpg,False,2
202011030600_2019_9ff5b744.jpg,False,4
202011030600_2020_10c90537.jpg,False,4
202011030900_2019_87a60e0c.jpg,False,4
202011030900_2020_e6cd7c75.jpg,False,4
202011031200_2019_c08a2237.jpg,False,2
202011031200_2020_213e8873.jpg,False,2
202011031500_2019_81f8284a.jpg,False,2
202011031500_2020_aa92c3e7.jpg,False,2
202011031800_2019_f876af5c.jpg,False,4
202011031800_2020_4016ae1d.jpg,False,4
202011032100_2019_ded3f913.jpg,False,4
202011032100_2020_2e2a3d18.jpg,False,4
202011040000_2019_5daaa552.jpg,False,2
202011040000_2020_fdf00a3c.jpg,False,4
202011040300_2019_42e0c1bb.jpg,False,2
202011040300_2020_436a2150.jpg,False,4
202011040600_2019_d029a39b.jpg,False,4
202011040600_2020_de82bfae.jpg,False,4
202011040900_2019_d16c9d70.jpg,False,4
202011040900_2020_62ab639e.jpg,False,4
202011041200_2019_db762365.jpg,False,2
202011041200_2020_aac568e0.jpg,False,4
202011041500_2019_4732ad8c.jpg,False,2
202011041500_2020_21d0a343.jpg,False,2
202011041800_2019_4b81d395.jpg,False,2
202011041800_2020_b516aedb.jpg,False,4
202011042100_2019_2a3dac16.jpg,False,4
202011042100_2020_f124d04e.jpg,False,4
202011050000_2019_726fee2a.jpg,False,2
202011050000_2020_390f4662.jpg,False,4
202011050300_2019_e5ab242a.jpg,False,2
202011050300_2020_44d5a94e.jpg,False,2
202011050600_2019_e9a5e4f0.jpg,False,2
202011050600_2020_2c1d870a.jpg,False,4
202011050900_2019_28babebe.jpg,False,2
202011050900_2020_5d6fe30d.jpg,False,2
202011051200_2019_6e52fddf.jpg,False,1
202011051200_2020_74541cb6.jpg,False,1
202011051500_2019_06b2b429.jpg,False,1
202011051500_2020_0d43a5ca.jpg,False,1
202011051800_2019_088c1190.jpg,False,1
202011051800_2020_1a3d6511.jpg,False,2
202011052100_2019_b470c1b5.jpg,False,1
202011052100_2020_4e7a80e0.jpg,False,2
202011060000_2019_5d668840.jpg,False,2
202011060000_2020_38462a68.jpg,False,2
202011060300_2019_1e2ca9ed.jpg,False,1
202011060300_2020_e22c4b24.jpg,False,2
202011060600_2019_e1f25da2.jpg,False,1
202011060600_2020_b80c8675.jpg,False,2
202011060900_2020_d9624e5b.jpg,False,2
202011061200_2020_6d2d1c3e.jpg,False,2
202011061200_2021_31c76da0.jpg,False,2
202011061500_2020_ab80fcc7.jpg,False,2
202011061500_2021_b50b5026.jpg,False,2
202011061800_2020_fc2d98a2.jpg,False,1
202011061800_2021_cce687fb.jpg,False,4
202011062100_2020_4dde3ed1.jpg,False,1
202011062100_2021_bc1a4090.jpg,False,2
202011070000_2020_9a4c446e.jpg,False,1
202011070000_2021_9376b7ec.jpg,False,2
202011070300_2020_f00e1ebc.jpg,False,1
202011070300_2021_efea14c7.jpg,False,4
202011070600_2020_14679cf8.jpg,False,1
202011070600_2021_de76ec54.jpg,False,4
202011070900_2021_4e3176f3.jpg,False,4
202011071200_2021_eda5c23a.jpg,False,4
202011071500_2021_309295ce.jpg,False,4
202011071800_2021_69aa8051.jpg,False,2
202011072100_2021_928a43b2.jpg,False,2
202011080000_2021_19c711ad.jpg,False,4
202011080000_2022_27386adb.jpg,False,2
202011080300_2021_725c3709.jpg,False,4
202011080300_2022_88c7966f.jpg,False,2
202011080600_2021_6f186ab7.jpg,False,4
202011080600_2022_ce5fb76c.jpg,False,2
202011080900_2021_72c64d77.jpg,False,4
202011080900_2022_975848c2.jpg,False,2
202011081200_2021_fe94e9b7.jpg,False,4
202011081200_2022_6ab3a0c6.jpg,False,2
202011081500_2021_2a0853a3.jpg,False,2
202011081500_2022_add2bb57.jpg,False,2
202011081800_2021_23f412d2.jpg,False,4
202011081800_2022_a86861be.jpg,False,2
202011082100_2021_7759901a.jpg,False,4
202011082100_2022_2b29ef01.jpg,False,2
202011090000_2021_fb25db51.jpg,False,4
202011090000_2022_08b3cbc8.jpg,False,2
202011090300_2021_7844d91a.jpg,False,4
202011090300_2022_6aa178f9.jpg,False,2
202011090600_2021_038b656e.jpg,False,4
202011090600_2022_5e92124c.jpg,False,2
202011090900_2021_d9d09bdc.jpg,False,4
202011090900_2022_df7e4101.jpg,False,2
202011091200_2021_7affbc51.jpg,False,4
202011091200_2022_54e41083.jpg,False,2
202011091500_2021_0b6d8e4a.jpg,False,2
202011091500_2022_5d2d8e63.jpg,False,2
202011091800_2021_02872c51.jpg,False,2
202011091800_2022_44edb33f.jpg,False,2
202011092100_2021_22fea6f3.jpg,False,2
202011092100_2022_70e4af41.jpg,False,2
202011100000_2021_b950b123.jpg,False,2
202011100000_2022_dd2c023e.jpg,False,2
202011100300_2021_f8b5c6b8.jpg,False,2
202011100300_2022_4cbfaa72.jpg,False,4
202011100600_2021_bcd387ae.jpg,False,4
202011100600_2022_258db7ed.jpg,False,4
202011100900_2021_d69ac101.jpg,False,4
202011100900_2022_03c5b08b.jpg,False,2
202011101200_2021_48144529.jpg,False,4
202011101200_2022_bb8cf593.jpg,False,2
202011101500_2021_116b1aae.jpg,False,2
202011101500_2022_815e9571.jpg,False,2
202011101800_2021_a2657774.jpg,False,2
202011101800_2022_a7b4ce3b.jpg,False,4
202011102100_2022_3683bc2b.jpg,False,4
202011110000_2022_b1af79ad.jpg,False,4
202011110300_2022_a14b8fde.jpg,False,4
202011110600_2022_8d6db812.jpg,False,4
202011110900_2022_170add50.jpg,False,4
202011111200_2022_e5500985.jpg,False,4
202011111500_2022_8348f4ac.jpg,False,4
202011111800_2022_4d7bfe4b.jpg,False,4
202011112100_2022_f2fddec1.jpg,False,4
202011120000_2022_d023af6e.jpg,False,4
202011120300_2022_fab0c81e.jpg,False,4
202011120600_2022_55ff5577.jpg,False,4
202011120900_2022_748d2d4b.jpg,False,4
202011121200_2022_9b5aaa16.jpg,False,4
202011121500_2022_ef340213.jpg,False,4
202011121800_2022_2fc7b6f1.jpg,False,4
202011122100_2022_54d8cedb.jpg,False,4
202011130000_2022_e0b2df1d.jpg,False,4
202011130300_2022_85cd2509.jpg,False,4
202011130600_2022_0efe9f9e.jpg,False,4
202011130900_2022_59945a14.jpg,False,4
202011131200_2022_c04a55e9.jpg,False,4
202011131500_2022_001861d2.jpg,False,4
202011131800_2022_e6df81a5.jpg,False,4
202011132100_2022_43a6f29d.jpg,False,4
202011140000_2022_b00e8009.jpg,False,4
202011140300_2022_a64c9e8c.jpg,False,4
202011140600_2022_f60769d1.jpg,False,4
202011140900_2022_8b0a084f.jpg,False,4
202011141200_2022_808d2680.jpg,False,4
202011141500_2022_eba2a530.jpg,False,4
202011141800_2022_eea4a96c.jpg,False,2
202011142100_2022_1ffcf287.jpg,False,2
202011150000_2022_f21ef43d.jpg,False,2
202011150300_2022_d0af91e6.jpg,False,1
202011150600_2022_1f8cf05f.jpg,False,1
202011150900_2022_cc4f34bf.jpg,False,1
202011151200_2022_45870f40.jpg,False,1
202011151500_2022_9f12c391.jpg,False,1
202011151800_2022_a1aacac0.jpg,False,1
202011152100_2022_13fe7688.jpg,False,1
202011160000_2022_6042b439.jpg,False,1
202011160300_2022_2cc078bb.jpg,False,1
202011160600_2022_423ed0d6.jpg,False,1
202012180000_2023_391f5e0b.jpg,False,2
202012180300_2023_aa66c961.jpg,False,2
202012180600_2023_908783c9.jpg,False,2
202012180900_2023_4b8a9fb8.jpg,False,2
202012181200_2023_6f2b1927.jpg,False,2
202012181500_2023_a4331f56.jpg,False,2
202012181800_2023_dea927fd.jpg,False,2
202012182100_2023_53cacd6a.jpg,False,2
202012190000_2023_01c485ba.jpg,False,4
202012190300_2023_f96912fe.jpg,False,2
202012190600_2023_35990e33.jpg,False,2
202012190900_2023_930b90cb.jpg,False,2
202012191200_2023_34825b93.jpg,False,2
202012191500_2023_9331eb6c.jpg,False,2
202012191800_2023_5702b9a8.jpg,False,2
202012192100_2023_42cd05ec.jpg,False,2
202012200000_2023_09ff592b.jpg,False,2
202012200300_2023_89cd9c17.jpg,False,2
202012200600_2023_0013d4e4.jpg,False,2
202012200900_2023_0cc8aae5.jpg,False,2
202012201200_2023_cec2bedd.jpg,False,2
202012201500_2023_5013305b.jpg,False,2
202012201800_2023_0fe12dd0.jpg,False,2
202012202100_2023_f84b5d4d.jpg,False,2
202012210000_2023_9032b25b.jpg,False,2
202012210300_2023_55b74abc.jpg,False,2
202012210600_2023_483961ed.jpg,False,2
202012210900_2023_ca59ced6.jpg,False,2
202012211200_2023_e8644b5b.jpg,False,2
202012211500_2023_f4466e41.jpg,False,2
202012211800_2023_484d0c5d.jpg,False,2
202012212100_2023_19e8e7b8.jpg,False,2
202012220000_2023_803e9b63.jpg,False,2
202012220300_2023_552658f0.jpg,False,2
202012220600_2023_94e29d35.jpg,False,2
202012220900_2023_82c129d3.jpg,False,4
202012221200_2023_fcbca1d4.jpg,False,2
202012221500_2023_2908e17f.jpg,False,2
202012221800_2023_71d4ac4c.jpg,False,2
202012222100_2023_990f1939.jpg,False,2
202012230000_2023_1ff61316.jpg,False,2
202012230300_2023_a14b6df8.jpg,False,2
202012230600_2023_9c395c12.jpg,False,1
202012230900_2023_278d4547.jpg,False,2
202012231200_2023_c191e287.jpg,False,2
202012231500_2023_f628d098.jpg,False,1
202012231800_2023_9d218d54.jpg,False,1
202012232100_2023_ce1ab0ab.jpg,False,1
202012240000_2023_94d3b932.jpg,False,1
202012240300_2023_cf72b9e8.jpg,False,1
202012240600_2023_15ba6a35.jpg,False,1
202012240900_2023_f39ef7c3.jpg,False,2
202012241200_2023_4ea6ce3e.jpg,False,2
202012241500_2023_670dc359.jpg,False,2
202012241800_2023_bda48ba3.jpg,False,2
202012242100_2023_fca74fde.jpg,False,2
202012250000_2023_0023412d.jpg,False,2
